epoch	dev_loss
0	259.1727793884277
1	258.9233022766113
2	259.08915673828125
3	258.67551647949216
4	259.080116607666
5	258.21773391723633
6	92.56934480285645
7	42.18066746139527
8	28.267362297058106
9	22.51912929916382
10	21.20010570716858
11	21.950418928146362
12	24.272048608779908
13	25.3193768119812
14	27.002592836380003
