{
  "input": "data/manifests/veprad/train.jsonl",
  "output": "data/manifests/veprad/train_sm04_capped_max_mz_speaker.jsonl",
  "speaker": "sm04",
  "seed": 20260604,
  "cap": 633,
  "cap_basis": "max_other_speaker_count",
  "input_rows": 6754,
  "output_rows": 5059,
  "removed_rows": 1695,
  "input_speaker_count": 2328,
  "output_speaker_count": 633,
  "speaker_counts": {
    "m01": 335,
    "m02": 7,
    "m03": 102,
    "m04": 383,
    "m05": 212,
    "m07": 55,
    "m08": 366,
    "m11": 327,
    "sm04": 633,
    "z01": 145,
    "z02": 221,
    "z03": 119,
    "z04": 437,
    "z05": 296,
    "z06": 91,
    "z07": 117,
    "z08": 633,
    "z09": 301,
    "z10": 214,
    "z13": 32,
    "z14": 33
  },
  "total_audio_seconds": 26657.085435,
  "total_audio_hours": 7.404746
}
