{
  "fold": 1,
  "train_speakers": [
    "m01",
    "m04",
    "m05",
    "m07",
    "m09",
    "m10",
    "m11",
    "sm04",
    "z01",
    "z02",
    "z03",
    "z07",
    "z08",
    "z12",
    "z14"
  ],
  "dev_speakers": [
    "m03",
    "m08",
    "z09",
    "z10",
    "z13"
  ],
  "test_speakers": [
    "m02",
    "m06",
    "z04",
    "z05",
    "z06",
    "z11"
  ],
  "train": {
    "utterances": 5543,
    "total_seconds": 26145.534846,
    "total_hours": 7.262649,
    "speaker_count": 15,
    "speakers": {
      "m01": 335,
      "m04": 383,
      "m05": 212,
      "m07": 55,
      "m09": 315,
      "m10": 265,
      "m11": 327,
      "sm04": 2328,
      "z01": 145,
      "z02": 221,
      "z03": 119,
      "z07": 117,
      "z08": 633,
      "z12": 55,
      "z14": 33
    },
    "corpora": {
      "mz": 3215,
      "sm04": 2328
    },
    "genders": {
      "female": 1323,
      "male": 1892,
      "unknown": 2328
    }
  },
  "dev": {
    "utterances": 1015,
    "total_seconds": 5751.367086,
    "total_hours": 1.597602,
    "speaker_count": 5,
    "speakers": {
      "m03": 102,
      "m08": 366,
      "z09": 301,
      "z10": 214,
      "z13": 32
    },
    "corpora": {
      "mz": 1015
    },
    "genders": {
      "female": 547,
      "male": 468
    }
  },
  "test": {
    "utterances": 1025,
    "total_seconds": 5755.217501,
    "total_hours": 1.598672,
    "speaker_count": 6,
    "speakers": {
      "m02": 7,
      "m06": 26,
      "z04": 437,
      "z05": 296,
      "z06": 91,
      "z11": 168
    },
    "corpora": {
      "mz": 1025
    },
    "genders": {
      "female": 992,
      "male": 33
    }
  }
}
