{
  "fold": 4,
  "train_speakers": [
    "m02",
    "m03",
    "m04",
    "m06",
    "m08",
    "m09",
    "sm04",
    "z02",
    "z03",
    "z04",
    "z05",
    "z06",
    "z09",
    "z10",
    "z11",
    "z13",
    "z14"
  ],
  "dev_speakers": [
    "m07",
    "m10",
    "z01",
    "z08"
  ],
  "test_speakers": [
    "m01",
    "m05",
    "m11",
    "z07",
    "z12"
  ],
  "train": {
    "utterances": 5439,
    "total_seconds": 25990.308729,
    "total_hours": 7.21953,
    "speaker_count": 17,
    "speakers": {
      "m02": 7,
      "m03": 102,
      "m04": 383,
      "m06": 26,
      "m08": 366,
      "m09": 315,
      "sm04": 2328,
      "z02": 221,
      "z03": 119,
      "z04": 437,
      "z05": 296,
      "z06": 91,
      "z09": 301,
      "z10": 214,
      "z11": 168,
      "z13": 32,
      "z14": 33
    },
    "corpora": {
      "mz": 3111,
      "sm04": 2328
    },
    "genders": {
      "female": 1912,
      "male": 1199,
      "unknown": 2328
    }
  },
  "dev": {
    "utterances": 1098,
    "total_seconds": 5780.378628,
    "total_hours": 1.605661,
    "speaker_count": 4,
    "speakers": {
      "m07": 55,
      "m10": 265,
      "z01": 145,
      "z08": 633
    },
    "corpora": {
      "mz": 1098
    },
    "genders": {
      "female": 778,
      "male": 320
    }
  },
  "test": {
    "utterances": 1046,
    "total_seconds": 5881.432076,
    "total_hours": 1.633731,
    "speaker_count": 5,
    "speakers": {
      "m01": 335,
      "m05": 212,
      "m11": 327,
      "z07": 117,
      "z12": 55
    },
    "corpora": {
      "mz": 1046
    },
    "genders": {
      "female": 172,
      "male": 874
    }
  }
}
